 [
  {
    "name": "AI & Machine Learning Workshop",
    "date": "2025-09-20T10:00:00",
    "venue": "Lab 302",
    "category": "Academic",
    "description": "A deep dive into AI trends and practical ML implementation.",
    "img": "AI Machine Learning.jpeg"
    
  },
  {
    "name": "Inter-College Football Tournament",
    "date": "2025-09-18T09:00:00",
    "venue": "Main Ground",
    "category": "Sports",
    "description": "Annual sports event featuring top college teams.",
    "img": "football tournament.jpeg"
  },
  {
    "name": "Cultural Fest: Rhythm & Beats",
    "date": "2025-09-22T17:00:00",
    "venue": "Main Auditorium",
    "category": "Cultural",
    "description": "An evening of music, dance, and cultural expression.",
    "img": "fest rythm and beats.jpeg"
  },
  {
    "name": "Physics Department Project Expo",
    "date": "2025-09-25T13:00:00",
    "venue": "Science Block",
    "category": "Departmental",
    "description": "Students showcase their projects and innovations.",
    "img": "physics project.jpeg"
  }
]
